{"in_memory": [482.01904296875, 25.692965885945146], "joblib": [498.4950661659241, 20.813842850936805], "pickle": [509.7015142440796, 24.458492044695248], "size_mb": {"joblib": 68.97818183898926, "pickle": 68.96149635314941}}