{"rmse": 3247.7750825261455, "mae": 2251.4841208266953, "r2": 0.8545377066011282, "best_params": {"learning_rate": 0.1, "max_depth": 5, "n_estimators": 100}}