{
  "Ridge": {
    "rmse": 4058.432813256546,
    "mae": 2952.14957273844,
    "r2": 0.7728591425774965,
    "best_params": {
      "alpha": 1.0
    },
    "param_grid": "{'alpha': [0.1, 1, 10, 100]}"
  },
  "Random Forest": {
    "rmse": 3137.565371031378,
    "mae": 2115.9647920871976,
    "r2": 0.864242414383396,
    "best_params": {
      "criterion": "squared_error",
      "max_depth": 20,
      "n_estimators": 100
    },
    "param_grid": "{'n_estimators': [50, 100], 'max_depth': [10, 20], 'criterion': ['squared_error']}"
  },
  "Gradient Boosting": {
    "rmse": 3247.7750825261455,
    "mae": 2251.4841208266953,
    "r2": 0.8545377066011282,
    "best_params": {
      "learning_rate": 0.1,
      "max_depth": 5,
      "n_estimators": 100
    },
    "param_grid": "{'n_estimators': [50, 100], 'max_depth': [3, 5], 'learning_rate': [0.05, 0.1]}"
  },
  "KNN": {
    "rmse": 3091.24887947474,
    "mae": 2012.2047773848317,
    "r2": 0.8682209163209319,
    "best_params": {
      "n_neighbors": 10,
      "weights": "distance",
      "metric": "cosine"
    },
    "param_grid": "{'n_neighbors': [10, 30, 50], 'weights': ['uniform', 'distance'], 'metric': ['cosine']}"
  }
}