method,file_size_mb,save_time_sec,load_time_sec,predict_time_sec,rmse,r2
joblib,51.592193,0.22827935218811035,0.043454647064208984,0.07596635818481445,4644.56283914175,0.7878085900046834
pickle,51.588648,0.25952601432800293,0.017052412033081055,0.0760040283203125,4644.56283914175,0.7878085900046834
