method,file_size_mb,save_time_sec,load_time_sec,predict_time_sec,rmse,r2
joblib,51.592193,0.03807997703552246,0.053527116775512695,0.0763399600982666,4644.56283914175,0.7878085900046834
pickle,51.588648,0.02682018280029297,0.025412321090698242,0.07699012756347656,4644.56283914175,0.7878085900046834
