method,file_size_mb,save_time_sec,load_time_sec,predict_time_sec,rmse,r2
joblib,51.592193,0.20406198501586914,0.041018009185791016,0.06688046455383301,4644.56283914175,0.7878085900046834
pickle,51.588648,0.17785978317260742,0.016561269760131836,0.06627798080444336,4644.56283914175,0.7878085900046834
